filename,label,manipulation_type,original_text_content
auth_00000.jpg,authentic,none,O novo relat√≥rio do IPCC alerta para o aumento da temperatura global nos pr√≥ximos anos. #Clima
auth_00001.jpg,authentic,none,Brasil vence a Argentina por 3x0 e garante vaga na final do campeonato. ‚öΩ
auth_00002.jpg,authentic,none,O novo relat√≥rio do IPCC alerta para o aumento da temperatura global nos pr√≥ximos anos. #Clima
auth_00003.jpg,authentic,none,"D√≥lar opera em baixa nesta ter√ßa-feira, cotado a R$ 4,95."
auth_00004.jpg,authentic,none,Lan√ßamento do novo sat√©lite vai melhorar a previs√£o do tempo no Nordeste.
auth_00005.jpg,authentic,none,O novo relat√≥rio do IPCC alerta para o aumento da temperatura global nos pr√≥ximos anos. #Clima
auth_00006.jpg,authentic,none,Minist√©rio da Sa√∫de refor√ßa import√¢ncia de manter carteira de vacina√ß√£o atualizada.
auth_00007.jpg,authentic,none,"A taxa de desemprego caiu para 8,5% no √∫ltimo trimestre, segundo dados do IBGE."
auth_00008.jpg,authentic,none,Brasil vence a Argentina por 3x0 e garante vaga na final do campeonato. ‚öΩ
auth_00009.jpg,authentic,none,Pesquisa aponta crescimento do com√©rcio eletr√¥nico no primeiro semestre.
auth_00010.jpg,authentic,none,Prefeitura inaugura 5 novas creches na zona leste da cidade hoje.
auth_00011.jpg,authentic,none,"D√≥lar opera em baixa nesta ter√ßa-feira, cotado a R$ 4,95."
auth_00012.jpg,authentic,none,A campanha de vacina√ß√£o contra a gripe come√ßa na pr√≥xima segunda-feira em todo o pa√≠s.
auth_00013.jpg,authentic,none,A campanha de vacina√ß√£o contra a gripe come√ßa na pr√≥xima segunda-feira em todo o pa√≠s.
auth_00014.jpg,authentic,none,Cientistas descobrem nova esp√©cie de orqu√≠dea na Mata Atl√¢ntica.
auth_00015.jpg,authentic,none,Nova atualiza√ß√£o do sistema banc√°rio permitir√° transfer√™ncias instant√¢neas internacionais.
auth_00016.jpg,authentic,none,Pesquisa aponta crescimento do com√©rcio eletr√¥nico no primeiro semestre.
auth_00017.jpg,authentic,none,Prefeitura inaugura 5 novas creches na zona leste da cidade hoje.
auth_00018.jpg,authentic,none,Minist√©rio da Sa√∫de refor√ßa import√¢ncia de manter carteira de vacina√ß√£o atualizada.
auth_00019.jpg,authentic,none,Cientistas descobrem nova esp√©cie de orqu√≠dea na Mata Atl√¢ntica.
auth_00020.jpg,authentic,none,"A taxa de desemprego caiu para 8,5% no √∫ltimo trimestre, segundo dados do IBGE."
auth_00021.jpg,authentic,none,O consumo de energia el√©trica aumentou 4% em rela√ß√£o ao mesmo per√≠odo do ano passado.
auth_00022.jpg,authentic,none,Festival de cinema premia diretor brasileiro com o Le√£o de Ouro. üé¨
auth_00023.jpg,authentic,none,Museu de Arte Moderna abre exposi√ß√£o gratuita sobre o Modernismo no Brasil.
auth_00024.jpg,authentic,none,Nova atualiza√ß√£o do sistema banc√°rio permitir√° transfer√™ncias instant√¢neas internacionais.
auth_00025.jpg,authentic,none,Come√ßam hoje as inscri√ß√µes para o concurso p√∫blico com 500 vagas.
auth_00026.jpg,authentic,none,Receita Federal libera a consulta ao terceiro lote de restitui√ß√£o do Imposto de Renda.
auth_00027.jpg,authentic,none,Cientistas descobrem nova esp√©cie de orqu√≠dea na Mata Atl√¢ntica.
auth_00028.jpg,authentic,none,"D√≥lar opera em baixa nesta ter√ßa-feira, cotado a R$ 4,95."
auth_00029.jpg,authentic,none,"D√≥lar opera em baixa nesta ter√ßa-feira, cotado a R$ 4,95."
auth_00030.jpg,authentic,none,Tr√¢nsito intenso na Avenida Paulista devido a obras de manuten√ß√£o no asfalto.
auth_00031.jpg,authentic,none,Festival de cinema premia diretor brasileiro com o Le√£o de Ouro. üé¨
auth_00032.jpg,authentic,none,Tr√¢nsito intenso na Avenida Paulista devido a obras de manuten√ß√£o no asfalto.
auth_00033.jpg,authentic,none,Nova atualiza√ß√£o do sistema banc√°rio permitir√° transfer√™ncias instant√¢neas internacionais.
auth_00034.jpg,authentic,none,Pesquisa aponta crescimento do com√©rcio eletr√¥nico no primeiro semestre.
auth_00035.jpg,authentic,none,Nova atualiza√ß√£o do sistema banc√°rio permitir√° transfer√™ncias instant√¢neas internacionais.
auth_00036.jpg,authentic,none,Museu de Arte Moderna abre exposi√ß√£o gratuita sobre o Modernismo no Brasil.
auth_00037.jpg,authentic,none,"D√≥lar opera em baixa nesta ter√ßa-feira, cotado a R$ 4,95."
auth_00038.jpg,authentic,none,Festival de cinema premia diretor brasileiro com o Le√£o de Ouro. üé¨
auth_00039.jpg,authentic,none,"D√≥lar opera em baixa nesta ter√ßa-feira, cotado a R$ 4,95."
auth_00040.jpg,authentic,none,Nova atualiza√ß√£o do sistema banc√°rio permitir√° transfer√™ncias instant√¢neas internacionais.
auth_00041.jpg,authentic,none,Brasil vence a Argentina por 3x0 e garante vaga na final do campeonato. ‚öΩ
auth_00042.jpg,authentic,none,A campanha de vacina√ß√£o contra a gripe come√ßa na pr√≥xima segunda-feira em todo o pa√≠s.
auth_00043.jpg,authentic,none,Museu de Arte Moderna abre exposi√ß√£o gratuita sobre o Modernismo no Brasil.
auth_00044.jpg,authentic,none,Lan√ßamento do novo sat√©lite vai melhorar a previs√£o do tempo no Nordeste.
auth_00045.jpg,authentic,none,A campanha de vacina√ß√£o contra a gripe come√ßa na pr√≥xima segunda-feira em todo o pa√≠s.
auth_00046.jpg,authentic,none,Festival de cinema premia diretor brasileiro com o Le√£o de Ouro. üé¨
auth_00047.jpg,authentic,none,Museu de Arte Moderna abre exposi√ß√£o gratuita sobre o Modernismo no Brasil.
auth_00048.jpg,authentic,none,"Bolsa de Valores fecha em alta de 1,2% puxada pelo setor de commodities."
auth_00049.jpg,authentic,none,Brasil vence a Argentina por 3x0 e garante vaga na final do campeonato. ‚öΩ
auth_00050.jpg,authentic,none,Prefeitura inaugura 5 novas creches na zona leste da cidade hoje.
auth_00051.jpg,authentic,none,Governo anuncia redu√ß√£o de 5% no imposto para empresas de tecnologia verde.
auth_00052.jpg,authentic,none,Lan√ßamento do novo sat√©lite vai melhorar a previs√£o do tempo no Nordeste.
auth_00053.jpg,authentic,none,Receita Federal libera a consulta ao terceiro lote de restitui√ß√£o do Imposto de Renda.
auth_00054.jpg,authentic,none,Festival de cinema premia diretor brasileiro com o Le√£o de Ouro. üé¨
auth_00055.jpg,authentic,none,"D√≥lar opera em baixa nesta ter√ßa-feira, cotado a R$ 4,95."
auth_00056.jpg,authentic,none,"D√≥lar opera em baixa nesta ter√ßa-feira, cotado a R$ 4,95."
auth_00057.jpg,authentic,none,"Bolsa de Valores fecha em alta de 1,2% puxada pelo setor de commodities."
auth_00058.jpg,authentic,none,Governo anuncia redu√ß√£o de 5% no imposto para empresas de tecnologia verde.
auth_00059.jpg,authentic,none,O novo relat√≥rio do IPCC alerta para o aumento da temperatura global nos pr√≥ximos anos. #Clima
auth_00060.jpg,authentic,none,Prefeitura inaugura 5 novas creches na zona leste da cidade hoje.
auth_00061.jpg,authentic,none,"D√≥lar opera em baixa nesta ter√ßa-feira, cotado a R$ 4,95."
auth_00062.jpg,authentic,none,"A taxa de desemprego caiu para 8,5% no √∫ltimo trimestre, segundo dados do IBGE."
auth_00063.jpg,authentic,none,Minist√©rio da Sa√∫de refor√ßa import√¢ncia de manter carteira de vacina√ß√£o atualizada.
auth_00064.jpg,authentic,none,Governo anuncia redu√ß√£o de 5% no imposto para empresas de tecnologia verde.
auth_00065.jpg,authentic,none,Pesquisa aponta crescimento do com√©rcio eletr√¥nico no primeiro semestre.
auth_00066.jpg,authentic,none,Brasil vence a Argentina por 3x0 e garante vaga na final do campeonato. ‚öΩ
auth_00067.jpg,authentic,none,Pesquisa aponta crescimento do com√©rcio eletr√¥nico no primeiro semestre.
auth_00068.jpg,authentic,none,Festival de cinema premia diretor brasileiro com o Le√£o de Ouro. üé¨
auth_00069.jpg,authentic,none,Lan√ßamento do novo sat√©lite vai melhorar a previs√£o do tempo no Nordeste.
auth_00070.jpg,authentic,none,Receita Federal libera a consulta ao terceiro lote de restitui√ß√£o do Imposto de Renda.
auth_00071.jpg,authentic,none,Minist√©rio da Sa√∫de refor√ßa import√¢ncia de manter carteira de vacina√ß√£o atualizada.
auth_00072.jpg,authentic,none,Prefeitura inaugura 5 novas creches na zona leste da cidade hoje.
auth_00073.jpg,authentic,none,Come√ßam hoje as inscri√ß√µes para o concurso p√∫blico com 500 vagas.
auth_00074.jpg,authentic,none,Lan√ßamento do novo sat√©lite vai melhorar a previs√£o do tempo no Nordeste.
auth_00075.jpg,authentic,none,"D√≥lar opera em baixa nesta ter√ßa-feira, cotado a R$ 4,95."
auth_00076.jpg,authentic,none,"D√≥lar opera em baixa nesta ter√ßa-feira, cotado a R$ 4,95."
auth_00077.jpg,authentic,none,Festival de cinema premia diretor brasileiro com o Le√£o de Ouro. üé¨
auth_00078.jpg,authentic,none,Festival de cinema premia diretor brasileiro com o Le√£o de Ouro. üé¨
auth_00079.jpg,authentic,none,"A taxa de desemprego caiu para 8,5% no √∫ltimo trimestre, segundo dados do IBGE."
auth_00080.jpg,authentic,none,Festival de cinema premia diretor brasileiro com o Le√£o de Ouro. üé¨
auth_00081.jpg,authentic,none,"Bolsa de Valores fecha em alta de 1,2% puxada pelo setor de commodities."
auth_00082.jpg,authentic,none,Receita Federal libera a consulta ao terceiro lote de restitui√ß√£o do Imposto de Renda.
auth_00083.jpg,authentic,none,Prefeitura inaugura 5 novas creches na zona leste da cidade hoje.
auth_00084.jpg,authentic,none,Brasil vence a Argentina por 3x0 e garante vaga na final do campeonato. ‚öΩ
auth_00085.jpg,authentic,none,Nova atualiza√ß√£o do sistema banc√°rio permitir√° transfer√™ncias instant√¢neas internacionais.
auth_00086.jpg,authentic,none,Receita Federal libera a consulta ao terceiro lote de restitui√ß√£o do Imposto de Renda.
auth_00087.jpg,authentic,none,Nova atualiza√ß√£o do sistema banc√°rio permitir√° transfer√™ncias instant√¢neas internacionais.
auth_00088.jpg,authentic,none,"A taxa de desemprego caiu para 8,5% no √∫ltimo trimestre, segundo dados do IBGE."
auth_00089.jpg,authentic,none,Nova atualiza√ß√£o do sistema banc√°rio permitir√° transfer√™ncias instant√¢neas internacionais.
auth_00090.jpg,authentic,none,Lan√ßamento do novo sat√©lite vai melhorar a previs√£o do tempo no Nordeste.
auth_00091.jpg,authentic,none,O novo relat√≥rio do IPCC alerta para o aumento da temperatura global nos pr√≥ximos anos. #Clima
auth_00092.jpg,authentic,none,"Bolsa de Valores fecha em alta de 1,2% puxada pelo setor de commodities."
auth_00093.jpg,authentic,none,Estudo da USP mostra que pr√°tica regular de exerc√≠cios reduz riscos card√≠acos em 30%.
auth_00094.jpg,authentic,none,Governo anuncia redu√ß√£o de 5% no imposto para empresas de tecnologia verde.
auth_00095.jpg,authentic,none,"A taxa de desemprego caiu para 8,5% no √∫ltimo trimestre, segundo dados do IBGE."
auth_00096.jpg,authentic,none,Lan√ßamento do novo sat√©lite vai melhorar a previs√£o do tempo no Nordeste.
auth_00097.jpg,authentic,none,Minist√©rio da Sa√∫de refor√ßa import√¢ncia de manter carteira de vacina√ß√£o atualizada.
auth_00098.jpg,authentic,none,Festival de cinema premia diretor brasileiro com o Le√£o de Ouro. üé¨
auth_00099.jpg,authentic,none,"D√≥lar opera em baixa nesta ter√ßa-feira, cotado a R$ 4,95."
auth_00100.jpg,authentic,none,Brasil vence a Argentina por 3x0 e garante vaga na final do campeonato. ‚öΩ
auth_00101.jpg,authentic,none,Brasil vence a Argentina por 3x0 e garante vaga na final do campeonato. ‚öΩ
auth_00102.jpg,authentic,none,"Bolsa de Valores fecha em alta de 1,2% puxada pelo setor de commodities."
auth_00103.jpg,authentic,none,Cientistas descobrem nova esp√©cie de orqu√≠dea na Mata Atl√¢ntica.
auth_00104.jpg,authentic,none,"Bolsa de Valores fecha em alta de 1,2% puxada pelo setor de commodities."
auth_00105.jpg,authentic,none,Nova atualiza√ß√£o do sistema banc√°rio permitir√° transfer√™ncias instant√¢neas internacionais.
auth_00106.jpg,authentic,none,Brasil vence a Argentina por 3x0 e garante vaga na final do campeonato. ‚öΩ
auth_00107.jpg,authentic,none,"Bolsa de Valores fecha em alta de 1,2% puxada pelo setor de commodities."
auth_00108.jpg,authentic,none,Tr√¢nsito intenso na Avenida Paulista devido a obras de manuten√ß√£o no asfalto.
auth_00109.jpg,authentic,none,"A taxa de desemprego caiu para 8,5% no √∫ltimo trimestre, segundo dados do IBGE."
auth_00110.jpg,authentic,none,Pesquisa aponta crescimento do com√©rcio eletr√¥nico no primeiro semestre.
auth_00111.jpg,authentic,none,Tr√¢nsito intenso na Avenida Paulista devido a obras de manuten√ß√£o no asfalto.
auth_00112.jpg,authentic,none,Prefeitura inaugura 5 novas creches na zona leste da cidade hoje.
auth_00113.jpg,authentic,none,"A taxa de desemprego caiu para 8,5% no √∫ltimo trimestre, segundo dados do IBGE."
auth_00114.jpg,authentic,none,Estudo da USP mostra que pr√°tica regular de exerc√≠cios reduz riscos card√≠acos em 30%.
auth_00115.jpg,authentic,none,Come√ßam hoje as inscri√ß√µes para o concurso p√∫blico com 500 vagas.
auth_00116.jpg,authentic,none,Lan√ßamento do novo sat√©lite vai melhorar a previs√£o do tempo no Nordeste.
auth_00117.jpg,authentic,none,O novo relat√≥rio do IPCC alerta para o aumento da temperatura global nos pr√≥ximos anos. #Clima
auth_00118.jpg,authentic,none,Prefeitura inaugura 5 novas creches na zona leste da cidade hoje.
auth_00119.jpg,authentic,none,O consumo de energia el√©trica aumentou 4% em rela√ß√£o ao mesmo per√≠odo do ano passado.
auth_00120.jpg,authentic,none,Receita Federal libera a consulta ao terceiro lote de restitui√ß√£o do Imposto de Renda.
auth_00121.jpg,authentic,none,Lan√ßamento do novo sat√©lite vai melhorar a previs√£o do tempo no Nordeste.
auth_00122.jpg,authentic,none,Governo anuncia redu√ß√£o de 5% no imposto para empresas de tecnologia verde.
auth_00123.jpg,authentic,none,Brasil vence a Argentina por 3x0 e garante vaga na final do campeonato. ‚öΩ
auth_00124.jpg,authentic,none,Prefeitura inaugura 5 novas creches na zona leste da cidade hoje.
auth_00125.jpg,authentic,none,"D√≥lar opera em baixa nesta ter√ßa-feira, cotado a R$ 4,95."
auth_00126.jpg,authentic,none,O consumo de energia el√©trica aumentou 4% em rela√ß√£o ao mesmo per√≠odo do ano passado.
auth_00127.jpg,authentic,none,Come√ßam hoje as inscri√ß√µes para o concurso p√∫blico com 500 vagas.
auth_00128.jpg,authentic,none,Festival de cinema premia diretor brasileiro com o Le√£o de Ouro. üé¨
auth_00129.jpg,authentic,none,Festival de cinema premia diretor brasileiro com o Le√£o de Ouro. üé¨
auth_00130.jpg,authentic,none,Receita Federal libera a consulta ao terceiro lote de restitui√ß√£o do Imposto de Renda.
auth_00131.jpg,authentic,none,"A taxa de desemprego caiu para 8,5% no √∫ltimo trimestre, segundo dados do IBGE."
auth_00132.jpg,authentic,none,"D√≥lar opera em baixa nesta ter√ßa-feira, cotado a R$ 4,95."
auth_00133.jpg,authentic,none,Governo anuncia redu√ß√£o de 5% no imposto para empresas de tecnologia verde.
auth_00134.jpg,authentic,none,Cientistas descobrem nova esp√©cie de orqu√≠dea na Mata Atl√¢ntica.
auth_00135.jpg,authentic,none,O consumo de energia el√©trica aumentou 4% em rela√ß√£o ao mesmo per√≠odo do ano passado.
auth_00136.jpg,authentic,none,Tr√¢nsito intenso na Avenida Paulista devido a obras de manuten√ß√£o no asfalto.
auth_00137.jpg,authentic,none,"D√≥lar opera em baixa nesta ter√ßa-feira, cotado a R$ 4,95."
auth_00138.jpg,authentic,none,O consumo de energia el√©trica aumentou 4% em rela√ß√£o ao mesmo per√≠odo do ano passado.
auth_00139.jpg,authentic,none,O novo relat√≥rio do IPCC alerta para o aumento da temperatura global nos pr√≥ximos anos. #Clima
auth_00140.jpg,authentic,none,Cientistas descobrem nova esp√©cie de orqu√≠dea na Mata Atl√¢ntica.
auth_00141.jpg,authentic,none,Receita Federal libera a consulta ao terceiro lote de restitui√ß√£o do Imposto de Renda.
auth_00142.jpg,authentic,none,Cientistas descobrem nova esp√©cie de orqu√≠dea na Mata Atl√¢ntica.
auth_00143.jpg,authentic,none,"Bolsa de Valores fecha em alta de 1,2% puxada pelo setor de commodities."
auth_00144.jpg,authentic,none,Governo anuncia redu√ß√£o de 5% no imposto para empresas de tecnologia verde.
auth_00145.jpg,authentic,none,Prefeitura inaugura 5 novas creches na zona leste da cidade hoje.
auth_00146.jpg,authentic,none,"Bolsa de Valores fecha em alta de 1,2% puxada pelo setor de commodities."
auth_00147.jpg,authentic,none,O consumo de energia el√©trica aumentou 4% em rela√ß√£o ao mesmo per√≠odo do ano passado.
auth_00148.jpg,authentic,none,Nova atualiza√ß√£o do sistema banc√°rio permitir√° transfer√™ncias instant√¢neas internacionais.
auth_00149.jpg,authentic,none,O novo relat√≥rio do IPCC alerta para o aumento da temperatura global nos pr√≥ximos anos. #Clima
auth_00150.jpg,authentic,none,Lan√ßamento do novo sat√©lite vai melhorar a previs√£o do tempo no Nordeste.
auth_00151.jpg,authentic,none,Prefeitura inaugura 5 novas creches na zona leste da cidade hoje.
auth_00152.jpg,authentic,none,Pesquisa aponta crescimento do com√©rcio eletr√¥nico no primeiro semestre.
auth_00153.jpg,authentic,none,Brasil vence a Argentina por 3x0 e garante vaga na final do campeonato. ‚öΩ
auth_00154.jpg,authentic,none,Museu de Arte Moderna abre exposi√ß√£o gratuita sobre o Modernismo no Brasil.
auth_00155.jpg,authentic,none,"A taxa de desemprego caiu para 8,5% no √∫ltimo trimestre, segundo dados do IBGE."
auth_00156.jpg,authentic,none,Brasil vence a Argentina por 3x0 e garante vaga na final do campeonato. ‚öΩ
auth_00157.jpg,authentic,none,Nova atualiza√ß√£o do sistema banc√°rio permitir√° transfer√™ncias instant√¢neas internacionais.
auth_00158.jpg,authentic,none,Come√ßam hoje as inscri√ß√µes para o concurso p√∫blico com 500 vagas.
auth_00159.jpg,authentic,none,Brasil vence a Argentina por 3x0 e garante vaga na final do campeonato. ‚öΩ
auth_00160.jpg,authentic,none,Prefeitura inaugura 5 novas creches na zona leste da cidade hoje.
auth_00161.jpg,authentic,none,Estudo da USP mostra que pr√°tica regular de exerc√≠cios reduz riscos card√≠acos em 30%.
auth_00162.jpg,authentic,none,Pesquisa aponta crescimento do com√©rcio eletr√¥nico no primeiro semestre.
auth_00163.jpg,authentic,none,Prefeitura inaugura 5 novas creches na zona leste da cidade hoje.
auth_00164.jpg,authentic,none,Minist√©rio da Sa√∫de refor√ßa import√¢ncia de manter carteira de vacina√ß√£o atualizada.
auth_00165.jpg,authentic,none,Festival de cinema premia diretor brasileiro com o Le√£o de Ouro. üé¨
auth_00166.jpg,authentic,none,Minist√©rio da Sa√∫de refor√ßa import√¢ncia de manter carteira de vacina√ß√£o atualizada.
auth_00167.jpg,authentic,none,Minist√©rio da Sa√∫de refor√ßa import√¢ncia de manter carteira de vacina√ß√£o atualizada.
auth_00168.jpg,authentic,none,"A taxa de desemprego caiu para 8,5% no √∫ltimo trimestre, segundo dados do IBGE."
auth_00169.jpg,authentic,none,Minist√©rio da Sa√∫de refor√ßa import√¢ncia de manter carteira de vacina√ß√£o atualizada.
auth_00170.jpg,authentic,none,"D√≥lar opera em baixa nesta ter√ßa-feira, cotado a R$ 4,95."
auth_00171.jpg,authentic,none,A campanha de vacina√ß√£o contra a gripe come√ßa na pr√≥xima segunda-feira em todo o pa√≠s.
auth_00172.jpg,authentic,none,"D√≥lar opera em baixa nesta ter√ßa-feira, cotado a R$ 4,95."
auth_00173.jpg,authentic,none,O consumo de energia el√©trica aumentou 4% em rela√ß√£o ao mesmo per√≠odo do ano passado.
auth_00174.jpg,authentic,none,A campanha de vacina√ß√£o contra a gripe come√ßa na pr√≥xima segunda-feira em todo o pa√≠s.
auth_00175.jpg,authentic,none,Tr√¢nsito intenso na Avenida Paulista devido a obras de manuten√ß√£o no asfalto.
auth_00176.jpg,authentic,none,"Bolsa de Valores fecha em alta de 1,2% puxada pelo setor de commodities."
auth_00177.jpg,authentic,none,Nova atualiza√ß√£o do sistema banc√°rio permitir√° transfer√™ncias instant√¢neas internacionais.
auth_00178.jpg,authentic,none,Tr√¢nsito intenso na Avenida Paulista devido a obras de manuten√ß√£o no asfalto.
auth_00179.jpg,authentic,none,Brasil vence a Argentina por 3x0 e garante vaga na final do campeonato. ‚öΩ
auth_00180.jpg,authentic,none,"A taxa de desemprego caiu para 8,5% no √∫ltimo trimestre, segundo dados do IBGE."
auth_00181.jpg,authentic,none,Museu de Arte Moderna abre exposi√ß√£o gratuita sobre o Modernismo no Brasil.
auth_00182.jpg,authentic,none,Brasil vence a Argentina por 3x0 e garante vaga na final do campeonato. ‚öΩ
auth_00183.jpg,authentic,none,Lan√ßamento do novo sat√©lite vai melhorar a previs√£o do tempo no Nordeste.
auth_00184.jpg,authentic,none,Tr√¢nsito intenso na Avenida Paulista devido a obras de manuten√ß√£o no asfalto.
auth_00185.jpg,authentic,none,Festival de cinema premia diretor brasileiro com o Le√£o de Ouro. üé¨
auth_00186.jpg,authentic,none,Receita Federal libera a consulta ao terceiro lote de restitui√ß√£o do Imposto de Renda.
auth_00187.jpg,authentic,none,O novo relat√≥rio do IPCC alerta para o aumento da temperatura global nos pr√≥ximos anos. #Clima
auth_00188.jpg,authentic,none,Prefeitura inaugura 5 novas creches na zona leste da cidade hoje.
auth_00189.jpg,authentic,none,Governo anuncia redu√ß√£o de 5% no imposto para empresas de tecnologia verde.
auth_00190.jpg,authentic,none,A campanha de vacina√ß√£o contra a gripe come√ßa na pr√≥xima segunda-feira em todo o pa√≠s.
auth_00191.jpg,authentic,none,Receita Federal libera a consulta ao terceiro lote de restitui√ß√£o do Imposto de Renda.
auth_00192.jpg,authentic,none,Lan√ßamento do novo sat√©lite vai melhorar a previs√£o do tempo no Nordeste.
auth_00193.jpg,authentic,none,Come√ßam hoje as inscri√ß√µes para o concurso p√∫blico com 500 vagas.
auth_00194.jpg,authentic,none,Museu de Arte Moderna abre exposi√ß√£o gratuita sobre o Modernismo no Brasil.
auth_00195.jpg,authentic,none,Museu de Arte Moderna abre exposi√ß√£o gratuita sobre o Modernismo no Brasil.
auth_00196.jpg,authentic,none,"A taxa de desemprego caiu para 8,5% no √∫ltimo trimestre, segundo dados do IBGE."
auth_00197.jpg,authentic,none,Lan√ßamento do novo sat√©lite vai melhorar a previs√£o do tempo no Nordeste.
auth_00198.jpg,authentic,none,O novo relat√≥rio do IPCC alerta para o aumento da temperatura global nos pr√≥ximos anos. #Clima
auth_00199.jpg,authentic,none,Governo anuncia redu√ß√£o de 5% no imposto para empresas de tecnologia verde.
manip_00000.jpg,manipulated,icon_insertion,Tr√¢nsito intenso na Avenida Paulista devido a obras de manuten√ß√£o no asfalto.
manip_00001.jpg,manipulated,metrics_change,Museu de Arte Moderna abre exposi√ß√£o gratuita sobre o Modernismo no Brasil.
manip_00002.jpg,manipulated,metrics_change,Lan√ßamento do novo sat√©lite vai melhorar a previs√£o do tempo no Nordeste.
manip_00003.jpg,manipulated,metrics_change,A campanha de vacina√ß√£o contra a gripe come√ßa na pr√≥xima segunda-feira em todo o pa√≠s.
manip_00004.jpg,manipulated,copy_paste,Prefeitura inaugura 5 novas creches na zona leste da cidade hoje.
manip_00005.jpg,manipulated,text_swap,O consumo de energia el√©trica aumentou 4% em rela√ß√£o ao mesmo per√≠odo do ano passado.
manip_00006.jpg,manipulated,icon_insertion,"Bolsa de Valores fecha em alta de 1,2% puxada pelo setor de commodities."
manip_00007.jpg,manipulated,visual_quality,Lan√ßamento do novo sat√©lite vai melhorar a previs√£o do tempo no Nordeste.
manip_00008.jpg,manipulated,metrics_change,Museu de Arte Moderna abre exposi√ß√£o gratuita sobre o Modernismo no Brasil.
manip_00009.jpg,manipulated,visual_quality,Festival de cinema premia diretor brasileiro com o Le√£o de Ouro. üé¨
manip_00010.jpg,manipulated,copy_paste,O consumo de energia el√©trica aumentou 4% em rela√ß√£o ao mesmo per√≠odo do ano passado.
manip_00011.jpg,manipulated,jpeg_compression,Minist√©rio da Sa√∫de refor√ßa import√¢ncia de manter carteira de vacina√ß√£o atualizada.
manip_00012.jpg,manipulated,visual_quality,Cientistas descobrem nova esp√©cie de orqu√≠dea na Mata Atl√¢ntica.
manip_00013.jpg,manipulated,copy_paste,Minist√©rio da Sa√∫de refor√ßa import√¢ncia de manter carteira de vacina√ß√£o atualizada.
manip_00014.jpg,manipulated,metrics_change,"Bolsa de Valores fecha em alta de 1,2% puxada pelo setor de commodities."
manip_00015.jpg,manipulated,text_swap,Prefeitura inaugura 5 novas creches na zona leste da cidade hoje.
manip_00016.jpg,manipulated,icon_insertion,"D√≥lar opera em baixa nesta ter√ßa-feira, cotado a R$ 4,95."
manip_00017.jpg,manipulated,metrics_change,Pesquisa aponta crescimento do com√©rcio eletr√¥nico no primeiro semestre.
manip_00018.jpg,manipulated,visual_quality,"D√≥lar opera em baixa nesta ter√ßa-feira, cotado a R$ 4,95."
manip_00019.jpg,manipulated,text_swap,Prefeitura inaugura 5 novas creches na zona leste da cidade hoje.
manip_00020.jpg,manipulated,jpeg_compression,Tr√¢nsito intenso na Avenida Paulista devido a obras de manuten√ß√£o no asfalto.
manip_00021.jpg,manipulated,metrics_change,O consumo de energia el√©trica aumentou 4% em rela√ß√£o ao mesmo per√≠odo do ano passado.
manip_00022.jpg,manipulated,visual_quality,Cientistas descobrem nova esp√©cie de orqu√≠dea na Mata Atl√¢ntica.
manip_00023.jpg,manipulated,copy_paste,Festival de cinema premia diretor brasileiro com o Le√£o de Ouro. üé¨
manip_00024.jpg,manipulated,visual_quality,Tr√¢nsito intenso na Avenida Paulista devido a obras de manuten√ß√£o no asfalto.
manip_00025.jpg,manipulated,copy_paste,Prefeitura inaugura 5 novas creches na zona leste da cidade hoje.
manip_00026.jpg,manipulated,icon_insertion,Prefeitura inaugura 5 novas creches na zona leste da cidade hoje.
manip_00027.jpg,manipulated,icon_insertion,"Bolsa de Valores fecha em alta de 1,2% puxada pelo setor de commodities."
manip_00028.jpg,manipulated,metrics_change,O consumo de energia el√©trica aumentou 4% em rela√ß√£o ao mesmo per√≠odo do ano passado.
manip_00029.jpg,manipulated,copy_paste,Brasil vence a Argentina por 3x0 e garante vaga na final do campeonato. ‚öΩ
manip_00030.jpg,manipulated,jpeg_compression,Receita Federal libera a consulta ao terceiro lote de restitui√ß√£o do Imposto de Renda.
manip_00031.jpg,manipulated,icon_insertion,O consumo de energia el√©trica aumentou 4% em rela√ß√£o ao mesmo per√≠odo do ano passado.
manip_00032.jpg,manipulated,icon_insertion,"D√≥lar opera em baixa nesta ter√ßa-feira, cotado a R$ 4,95."
manip_00033.jpg,manipulated,jpeg_compression,Lan√ßamento do novo sat√©lite vai melhorar a previs√£o do tempo no Nordeste.
manip_00034.jpg,manipulated,text_swap,A campanha de vacina√ß√£o contra a gripe come√ßa na pr√≥xima segunda-feira em todo o pa√≠s.
manip_00035.jpg,manipulated,icon_insertion,Estudo da USP mostra que pr√°tica regular de exerc√≠cios reduz riscos card√≠acos em 30%.
manip_00036.jpg,manipulated,icon_insertion,Tr√¢nsito intenso na Avenida Paulista devido a obras de manuten√ß√£o no asfalto.
manip_00037.jpg,manipulated,jpeg_compression,"Bolsa de Valores fecha em alta de 1,2% puxada pelo setor de commodities."
manip_00038.jpg,manipulated,visual_quality,Estudo da USP mostra que pr√°tica regular de exerc√≠cios reduz riscos card√≠acos em 30%.
manip_00039.jpg,manipulated,visual_quality,O consumo de energia el√©trica aumentou 4% em rela√ß√£o ao mesmo per√≠odo do ano passado.
manip_00040.jpg,manipulated,jpeg_compression,Prefeitura inaugura 5 novas creches na zona leste da cidade hoje.
manip_00041.jpg,manipulated,icon_insertion,Prefeitura inaugura 5 novas creches na zona leste da cidade hoje.
manip_00042.jpg,manipulated,icon_insertion,Nova atualiza√ß√£o do sistema banc√°rio permitir√° transfer√™ncias instant√¢neas internacionais.
manip_00043.jpg,manipulated,copy_paste,"A taxa de desemprego caiu para 8,5% no √∫ltimo trimestre, segundo dados do IBGE."
manip_00044.jpg,manipulated,jpeg_compression,Museu de Arte Moderna abre exposi√ß√£o gratuita sobre o Modernismo no Brasil.
manip_00045.jpg,manipulated,text_swap,Cientistas descobrem nova esp√©cie de orqu√≠dea na Mata Atl√¢ntica.
manip_00046.jpg,manipulated,copy_paste,Pesquisa aponta crescimento do com√©rcio eletr√¥nico no primeiro semestre.
manip_00047.jpg,manipulated,icon_insertion,"A taxa de desemprego caiu para 8,5% no √∫ltimo trimestre, segundo dados do IBGE."
manip_00048.jpg,manipulated,visual_quality,Prefeitura inaugura 5 novas creches na zona leste da cidade hoje.
manip_00049.jpg,manipulated,copy_paste,Minist√©rio da Sa√∫de refor√ßa import√¢ncia de manter carteira de vacina√ß√£o atualizada.
manip_00050.jpg,manipulated,icon_insertion,Come√ßam hoje as inscri√ß√µes para o concurso p√∫blico com 500 vagas.
manip_00051.jpg,manipulated,text_swap,Minist√©rio da Sa√∫de refor√ßa import√¢ncia de manter carteira de vacina√ß√£o atualizada.
manip_00052.jpg,manipulated,metrics_change,Receita Federal libera a consulta ao terceiro lote de restitui√ß√£o do Imposto de Renda.
manip_00053.jpg,manipulated,text_swap,"D√≥lar opera em baixa nesta ter√ßa-feira, cotado a R$ 4,95."
manip_00054.jpg,manipulated,text_swap,Festival de cinema premia diretor brasileiro com o Le√£o de Ouro. üé¨
manip_00055.jpg,manipulated,copy_paste,Festival de cinema premia diretor brasileiro com o Le√£o de Ouro. üé¨
manip_00056.jpg,manipulated,visual_quality,O novo relat√≥rio do IPCC alerta para o aumento da temperatura global nos pr√≥ximos anos. #Clima
manip_00057.jpg,manipulated,jpeg_compression,Prefeitura inaugura 5 novas creches na zona leste da cidade hoje.
manip_00058.jpg,manipulated,metrics_change,"Bolsa de Valores fecha em alta de 1,2% puxada pelo setor de commodities."
manip_00059.jpg,manipulated,text_swap,O consumo de energia el√©trica aumentou 4% em rela√ß√£o ao mesmo per√≠odo do ano passado.
manip_00060.jpg,manipulated,copy_paste,Receita Federal libera a consulta ao terceiro lote de restitui√ß√£o do Imposto de Renda.
manip_00061.jpg,manipulated,text_swap,"Bolsa de Valores fecha em alta de 1,2% puxada pelo setor de commodities."
manip_00062.jpg,manipulated,jpeg_compression,Festival de cinema premia diretor brasileiro com o Le√£o de Ouro. üé¨
manip_00063.jpg,manipulated,metrics_change,Prefeitura inaugura 5 novas creches na zona leste da cidade hoje.
manip_00064.jpg,manipulated,jpeg_compression,"D√≥lar opera em baixa nesta ter√ßa-feira, cotado a R$ 4,95."
manip_00065.jpg,manipulated,metrics_change,Cientistas descobrem nova esp√©cie de orqu√≠dea na Mata Atl√¢ntica.
manip_00066.jpg,manipulated,metrics_change,A campanha de vacina√ß√£o contra a gripe come√ßa na pr√≥xima segunda-feira em todo o pa√≠s.
manip_00067.jpg,manipulated,icon_insertion,Governo anuncia redu√ß√£o de 5% no imposto para empresas de tecnologia verde.
manip_00068.jpg,manipulated,visual_quality,"D√≥lar opera em baixa nesta ter√ßa-feira, cotado a R$ 4,95."
manip_00069.jpg,manipulated,visual_quality,Receita Federal libera a consulta ao terceiro lote de restitui√ß√£o do Imposto de Renda.
manip_00070.jpg,manipulated,icon_insertion,Receita Federal libera a consulta ao terceiro lote de restitui√ß√£o do Imposto de Renda.
manip_00071.jpg,manipulated,metrics_change,O novo relat√≥rio do IPCC alerta para o aumento da temperatura global nos pr√≥ximos anos. #Clima
manip_00072.jpg,manipulated,text_swap,Estudo da USP mostra que pr√°tica regular de exerc√≠cios reduz riscos card√≠acos em 30%.
manip_00073.jpg,manipulated,jpeg_compression,Come√ßam hoje as inscri√ß√µes para o concurso p√∫blico com 500 vagas.
manip_00074.jpg,manipulated,icon_insertion,Prefeitura inaugura 5 novas creches na zona leste da cidade hoje.
manip_00075.jpg,manipulated,visual_quality,Lan√ßamento do novo sat√©lite vai melhorar a previs√£o do tempo no Nordeste.
manip_00076.jpg,manipulated,jpeg_compression,Tr√¢nsito intenso na Avenida Paulista devido a obras de manuten√ß√£o no asfalto.
manip_00077.jpg,manipulated,copy_paste,O consumo de energia el√©trica aumentou 4% em rela√ß√£o ao mesmo per√≠odo do ano passado.
manip_00078.jpg,manipulated,visual_quality,A campanha de vacina√ß√£o contra a gripe come√ßa na pr√≥xima segunda-feira em todo o pa√≠s.
manip_00079.jpg,manipulated,visual_quality,Minist√©rio da Sa√∫de refor√ßa import√¢ncia de manter carteira de vacina√ß√£o atualizada.
manip_00080.jpg,manipulated,jpeg_compression,Brasil vence a Argentina por 3x0 e garante vaga na final do campeonato. ‚öΩ
manip_00081.jpg,manipulated,metrics_change,"D√≥lar opera em baixa nesta ter√ßa-feira, cotado a R$ 4,95."
manip_00082.jpg,manipulated,copy_paste,"Bolsa de Valores fecha em alta de 1,2% puxada pelo setor de commodities."
manip_00083.jpg,manipulated,jpeg_compression,"Bolsa de Valores fecha em alta de 1,2% puxada pelo setor de commodities."
manip_00084.jpg,manipulated,copy_paste,Receita Federal libera a consulta ao terceiro lote de restitui√ß√£o do Imposto de Renda.
manip_00085.jpg,manipulated,jpeg_compression,"Bolsa de Valores fecha em alta de 1,2% puxada pelo setor de commodities."
manip_00086.jpg,manipulated,text_swap,Receita Federal libera a consulta ao terceiro lote de restitui√ß√£o do Imposto de Renda.
manip_00087.jpg,manipulated,jpeg_compression,"D√≥lar opera em baixa nesta ter√ßa-feira, cotado a R$ 4,95."
manip_00088.jpg,manipulated,jpeg_compression,Nova atualiza√ß√£o do sistema banc√°rio permitir√° transfer√™ncias instant√¢neas internacionais.
manip_00089.jpg,manipulated,visual_quality,Governo anuncia redu√ß√£o de 5% no imposto para empresas de tecnologia verde.
manip_00090.jpg,manipulated,jpeg_compression,"A taxa de desemprego caiu para 8,5% no √∫ltimo trimestre, segundo dados do IBGE."
manip_00091.jpg,manipulated,visual_quality,Brasil vence a Argentina por 3x0 e garante vaga na final do campeonato. ‚öΩ
manip_00092.jpg,manipulated,visual_quality,"Bolsa de Valores fecha em alta de 1,2% puxada pelo setor de commodities."
manip_00093.jpg,manipulated,jpeg_compression,O novo relat√≥rio do IPCC alerta para o aumento da temperatura global nos pr√≥ximos anos. #Clima
manip_00094.jpg,manipulated,jpeg_compression,Estudo da USP mostra que pr√°tica regular de exerc√≠cios reduz riscos card√≠acos em 30%.
manip_00095.jpg,manipulated,text_swap,Minist√©rio da Sa√∫de refor√ßa import√¢ncia de manter carteira de vacina√ß√£o atualizada.
manip_00096.jpg,manipulated,copy_paste,Museu de Arte Moderna abre exposi√ß√£o gratuita sobre o Modernismo no Brasil.
manip_00097.jpg,manipulated,visual_quality,A campanha de vacina√ß√£o contra a gripe come√ßa na pr√≥xima segunda-feira em todo o pa√≠s.
manip_00098.jpg,manipulated,icon_insertion,Estudo da USP mostra que pr√°tica regular de exerc√≠cios reduz riscos card√≠acos em 30%.
manip_00099.jpg,manipulated,visual_quality,Estudo da USP mostra que pr√°tica regular de exerc√≠cios reduz riscos card√≠acos em 30%.
manip_00100.jpg,manipulated,visual_quality,"Bolsa de Valores fecha em alta de 1,2% puxada pelo setor de commodities."
manip_00101.jpg,manipulated,copy_paste,Brasil vence a Argentina por 3x0 e garante vaga na final do campeonato. ‚öΩ
manip_00102.jpg,manipulated,icon_insertion,Come√ßam hoje as inscri√ß√µes para o concurso p√∫blico com 500 vagas.
manip_00103.jpg,manipulated,icon_insertion,O novo relat√≥rio do IPCC alerta para o aumento da temperatura global nos pr√≥ximos anos. #Clima
manip_00104.jpg,manipulated,text_swap,Minist√©rio da Sa√∫de refor√ßa import√¢ncia de manter carteira de vacina√ß√£o atualizada.
manip_00105.jpg,manipulated,copy_paste,Estudo da USP mostra que pr√°tica regular de exerc√≠cios reduz riscos card√≠acos em 30%.
manip_00106.jpg,manipulated,jpeg_compression,A campanha de vacina√ß√£o contra a gripe come√ßa na pr√≥xima segunda-feira em todo o pa√≠s.
manip_00107.jpg,manipulated,text_swap,O novo relat√≥rio do IPCC alerta para o aumento da temperatura global nos pr√≥ximos anos. #Clima
manip_00108.jpg,manipulated,jpeg_compression,Museu de Arte Moderna abre exposi√ß√£o gratuita sobre o Modernismo no Brasil.
manip_00109.jpg,manipulated,text_swap,Brasil vence a Argentina por 3x0 e garante vaga na final do campeonato. ‚öΩ
manip_00110.jpg,manipulated,jpeg_compression,Pesquisa aponta crescimento do com√©rcio eletr√¥nico no primeiro semestre.
manip_00111.jpg,manipulated,text_swap,"Bolsa de Valores fecha em alta de 1,2% puxada pelo setor de commodities."
manip_00112.jpg,manipulated,visual_quality,Museu de Arte Moderna abre exposi√ß√£o gratuita sobre o Modernismo no Brasil.
manip_00113.jpg,manipulated,metrics_change,Lan√ßamento do novo sat√©lite vai melhorar a previs√£o do tempo no Nordeste.
manip_00114.jpg,manipulated,metrics_change,Come√ßam hoje as inscri√ß√µes para o concurso p√∫blico com 500 vagas.
manip_00115.jpg,manipulated,text_swap,Receita Federal libera a consulta ao terceiro lote de restitui√ß√£o do Imposto de Renda.
manip_00116.jpg,manipulated,visual_quality,"A taxa de desemprego caiu para 8,5% no √∫ltimo trimestre, segundo dados do IBGE."
manip_00117.jpg,manipulated,jpeg_compression,Estudo da USP mostra que pr√°tica regular de exerc√≠cios reduz riscos card√≠acos em 30%.
manip_00118.jpg,manipulated,visual_quality,Museu de Arte Moderna abre exposi√ß√£o gratuita sobre o Modernismo no Brasil.
manip_00119.jpg,manipulated,copy_paste,Minist√©rio da Sa√∫de refor√ßa import√¢ncia de manter carteira de vacina√ß√£o atualizada.
manip_00120.jpg,manipulated,text_swap,Festival de cinema premia diretor brasileiro com o Le√£o de Ouro. üé¨
manip_00121.jpg,manipulated,copy_paste,A campanha de vacina√ß√£o contra a gripe come√ßa na pr√≥xima segunda-feira em todo o pa√≠s.
manip_00122.jpg,manipulated,text_swap,A campanha de vacina√ß√£o contra a gripe come√ßa na pr√≥xima segunda-feira em todo o pa√≠s.
manip_00123.jpg,manipulated,visual_quality,Cientistas descobrem nova esp√©cie de orqu√≠dea na Mata Atl√¢ntica.
manip_00124.jpg,manipulated,visual_quality,Prefeitura inaugura 5 novas creches na zona leste da cidade hoje.
manip_00125.jpg,manipulated,text_swap,Come√ßam hoje as inscri√ß√µes para o concurso p√∫blico com 500 vagas.
manip_00126.jpg,manipulated,text_swap,Minist√©rio da Sa√∫de refor√ßa import√¢ncia de manter carteira de vacina√ß√£o atualizada.
manip_00127.jpg,manipulated,jpeg_compression,Governo anuncia redu√ß√£o de 5% no imposto para empresas de tecnologia verde.
manip_00128.jpg,manipulated,visual_quality,Come√ßam hoje as inscri√ß√µes para o concurso p√∫blico com 500 vagas.
manip_00129.jpg,manipulated,icon_insertion,Cientistas descobrem nova esp√©cie de orqu√≠dea na Mata Atl√¢ntica.
manip_00130.jpg,manipulated,visual_quality,Minist√©rio da Sa√∫de refor√ßa import√¢ncia de manter carteira de vacina√ß√£o atualizada.
manip_00131.jpg,manipulated,visual_quality,Minist√©rio da Sa√∫de refor√ßa import√¢ncia de manter carteira de vacina√ß√£o atualizada.
manip_00132.jpg,manipulated,visual_quality,Cientistas descobrem nova esp√©cie de orqu√≠dea na Mata Atl√¢ntica.
manip_00133.jpg,manipulated,icon_insertion,Cientistas descobrem nova esp√©cie de orqu√≠dea na Mata Atl√¢ntica.
manip_00134.jpg,manipulated,text_swap,Come√ßam hoje as inscri√ß√µes para o concurso p√∫blico com 500 vagas.
manip_00135.jpg,manipulated,metrics_change,Estudo da USP mostra que pr√°tica regular de exerc√≠cios reduz riscos card√≠acos em 30%.
manip_00136.jpg,manipulated,metrics_change,"A taxa de desemprego caiu para 8,5% no √∫ltimo trimestre, segundo dados do IBGE."
manip_00137.jpg,manipulated,visual_quality,Brasil vence a Argentina por 3x0 e garante vaga na final do campeonato. ‚öΩ
manip_00138.jpg,manipulated,visual_quality,Minist√©rio da Sa√∫de refor√ßa import√¢ncia de manter carteira de vacina√ß√£o atualizada.
manip_00139.jpg,manipulated,jpeg_compression,Estudo da USP mostra que pr√°tica regular de exerc√≠cios reduz riscos card√≠acos em 30%.
manip_00140.jpg,manipulated,copy_paste,Prefeitura inaugura 5 novas creches na zona leste da cidade hoje.
manip_00141.jpg,manipulated,visual_quality,Prefeitura inaugura 5 novas creches na zona leste da cidade hoje.
manip_00142.jpg,manipulated,jpeg_compression,"A taxa de desemprego caiu para 8,5% no √∫ltimo trimestre, segundo dados do IBGE."
manip_00143.jpg,manipulated,copy_paste,Tr√¢nsito intenso na Avenida Paulista devido a obras de manuten√ß√£o no asfalto.
manip_00144.jpg,manipulated,icon_insertion,Pesquisa aponta crescimento do com√©rcio eletr√¥nico no primeiro semestre.
manip_00145.jpg,manipulated,visual_quality,Brasil vence a Argentina por 3x0 e garante vaga na final do campeonato. ‚öΩ
manip_00146.jpg,manipulated,visual_quality,Festival de cinema premia diretor brasileiro com o Le√£o de Ouro. üé¨
manip_00147.jpg,manipulated,icon_insertion,Prefeitura inaugura 5 novas creches na zona leste da cidade hoje.
manip_00148.jpg,manipulated,metrics_change,Come√ßam hoje as inscri√ß√µes para o concurso p√∫blico com 500 vagas.
manip_00149.jpg,manipulated,icon_insertion,Lan√ßamento do novo sat√©lite vai melhorar a previs√£o do tempo no Nordeste.
manip_00150.jpg,manipulated,copy_paste,Governo anuncia redu√ß√£o de 5% no imposto para empresas de tecnologia verde.
manip_00151.jpg,manipulated,icon_insertion,A campanha de vacina√ß√£o contra a gripe come√ßa na pr√≥xima segunda-feira em todo o pa√≠s.
manip_00152.jpg,manipulated,icon_insertion,Brasil vence a Argentina por 3x0 e garante vaga na final do campeonato. ‚öΩ
manip_00153.jpg,manipulated,jpeg_compression,Lan√ßamento do novo sat√©lite vai melhorar a previs√£o do tempo no Nordeste.
manip_00154.jpg,manipulated,copy_paste,Brasil vence a Argentina por 3x0 e garante vaga na final do campeonato. ‚öΩ
manip_00155.jpg,manipulated,copy_paste,Receita Federal libera a consulta ao terceiro lote de restitui√ß√£o do Imposto de Renda.
manip_00156.jpg,manipulated,jpeg_compression,Estudo da USP mostra que pr√°tica regular de exerc√≠cios reduz riscos card√≠acos em 30%.
manip_00157.jpg,manipulated,visual_quality,Nova atualiza√ß√£o do sistema banc√°rio permitir√° transfer√™ncias instant√¢neas internacionais.
manip_00158.jpg,manipulated,copy_paste,"D√≥lar opera em baixa nesta ter√ßa-feira, cotado a R$ 4,95."
manip_00159.jpg,manipulated,text_swap,Festival de cinema premia diretor brasileiro com o Le√£o de Ouro. üé¨
manip_00160.jpg,manipulated,jpeg_compression,Nova atualiza√ß√£o do sistema banc√°rio permitir√° transfer√™ncias instant√¢neas internacionais.
manip_00161.jpg,manipulated,icon_insertion,Museu de Arte Moderna abre exposi√ß√£o gratuita sobre o Modernismo no Brasil.
manip_00162.jpg,manipulated,jpeg_compression,Minist√©rio da Sa√∫de refor√ßa import√¢ncia de manter carteira de vacina√ß√£o atualizada.
manip_00163.jpg,manipulated,copy_paste,Prefeitura inaugura 5 novas creches na zona leste da cidade hoje.
manip_00164.jpg,manipulated,text_swap,Tr√¢nsito intenso na Avenida Paulista devido a obras de manuten√ß√£o no asfalto.
manip_00165.jpg,manipulated,icon_insertion,Minist√©rio da Sa√∫de refor√ßa import√¢ncia de manter carteira de vacina√ß√£o atualizada.
manip_00166.jpg,manipulated,jpeg_compression,Governo anuncia redu√ß√£o de 5% no imposto para empresas de tecnologia verde.
manip_00167.jpg,manipulated,text_swap,Nova atualiza√ß√£o do sistema banc√°rio permitir√° transfer√™ncias instant√¢neas internacionais.
manip_00168.jpg,manipulated,icon_insertion,Brasil vence a Argentina por 3x0 e garante vaga na final do campeonato. ‚öΩ
manip_00169.jpg,manipulated,copy_paste,Minist√©rio da Sa√∫de refor√ßa import√¢ncia de manter carteira de vacina√ß√£o atualizada.
manip_00170.jpg,manipulated,copy_paste,A campanha de vacina√ß√£o contra a gripe come√ßa na pr√≥xima segunda-feira em todo o pa√≠s.
manip_00171.jpg,manipulated,text_swap,Tr√¢nsito intenso na Avenida Paulista devido a obras de manuten√ß√£o no asfalto.
manip_00172.jpg,manipulated,copy_paste,Tr√¢nsito intenso na Avenida Paulista devido a obras de manuten√ß√£o no asfalto.
manip_00173.jpg,manipulated,jpeg_compression,Prefeitura inaugura 5 novas creches na zona leste da cidade hoje.
manip_00174.jpg,manipulated,jpeg_compression,"Bolsa de Valores fecha em alta de 1,2% puxada pelo setor de commodities."
manip_00175.jpg,manipulated,visual_quality,Cientistas descobrem nova esp√©cie de orqu√≠dea na Mata Atl√¢ntica.
manip_00176.jpg,manipulated,visual_quality,Receita Federal libera a consulta ao terceiro lote de restitui√ß√£o do Imposto de Renda.
manip_00177.jpg,manipulated,jpeg_compression,A campanha de vacina√ß√£o contra a gripe come√ßa na pr√≥xima segunda-feira em todo o pa√≠s.
manip_00178.jpg,manipulated,visual_quality,Cientistas descobrem nova esp√©cie de orqu√≠dea na Mata Atl√¢ntica.
manip_00179.jpg,manipulated,copy_paste,Nova atualiza√ß√£o do sistema banc√°rio permitir√° transfer√™ncias instant√¢neas internacionais.
manip_00180.jpg,manipulated,jpeg_compression,Cientistas descobrem nova esp√©cie de orqu√≠dea na Mata Atl√¢ntica.
manip_00181.jpg,manipulated,jpeg_compression,Brasil vence a Argentina por 3x0 e garante vaga na final do campeonato. ‚öΩ
manip_00182.jpg,manipulated,visual_quality,Come√ßam hoje as inscri√ß√µes para o concurso p√∫blico com 500 vagas.
manip_00183.jpg,manipulated,icon_insertion,"A taxa de desemprego caiu para 8,5% no √∫ltimo trimestre, segundo dados do IBGE."
manip_00184.jpg,manipulated,metrics_change,A campanha de vacina√ß√£o contra a gripe come√ßa na pr√≥xima segunda-feira em todo o pa√≠s.
manip_00185.jpg,manipulated,icon_insertion,Minist√©rio da Sa√∫de refor√ßa import√¢ncia de manter carteira de vacina√ß√£o atualizada.
manip_00186.jpg,manipulated,jpeg_compression,Estudo da USP mostra que pr√°tica regular de exerc√≠cios reduz riscos card√≠acos em 30%.
manip_00187.jpg,manipulated,metrics_change,Nova atualiza√ß√£o do sistema banc√°rio permitir√° transfer√™ncias instant√¢neas internacionais.
manip_00188.jpg,manipulated,copy_paste,Lan√ßamento do novo sat√©lite vai melhorar a previs√£o do tempo no Nordeste.
manip_00189.jpg,manipulated,visual_quality,Prefeitura inaugura 5 novas creches na zona leste da cidade hoje.
manip_00190.jpg,manipulated,jpeg_compression,Tr√¢nsito intenso na Avenida Paulista devido a obras de manuten√ß√£o no asfalto.
manip_00191.jpg,manipulated,copy_paste,"Bolsa de Valores fecha em alta de 1,2% puxada pelo setor de commodities."
manip_00192.jpg,manipulated,jpeg_compression,Prefeitura inaugura 5 novas creches na zona leste da cidade hoje.
manip_00193.jpg,manipulated,visual_quality,Receita Federal libera a consulta ao terceiro lote de restitui√ß√£o do Imposto de Renda.
manip_00194.jpg,manipulated,text_swap,"Bolsa de Valores fecha em alta de 1,2% puxada pelo setor de commodities."
manip_00195.jpg,manipulated,metrics_change,Receita Federal libera a consulta ao terceiro lote de restitui√ß√£o do Imposto de Renda.
manip_00196.jpg,manipulated,visual_quality,Nova atualiza√ß√£o do sistema banc√°rio permitir√° transfer√™ncias instant√¢neas internacionais.
manip_00197.jpg,manipulated,visual_quality,"A taxa de desemprego caiu para 8,5% no √∫ltimo trimestre, segundo dados do IBGE."
manip_00198.jpg,manipulated,jpeg_compression,A campanha de vacina√ß√£o contra a gripe come√ßa na pr√≥xima segunda-feira em todo o pa√≠s.
manip_00199.jpg,manipulated,metrics_change,Museu de Arte Moderna abre exposi√ß√£o gratuita sobre o Modernismo no Brasil.
